{
  "run_name": "baseline",
  "model_id": "mistralai/Mistral-7B-v0.3",
  "num_examples": 50,
  "use_llm_judge": true,
  "aggregate": {
    "n": 50,
    "rouge1": 0.131834,
    "rougeL": 0.106712,
    "exact_match": 0.0,
    "judge_score": 2.28
  },
  "by_category": {
    "commands": {
      "n": 11,
      "rouge1": 0.13873636363636363,
      "rougeL": 0.11873636363636364,
      "exact_match": 0.0,
      "judge_score": 2.909090909090909
    },
    "compose": {
      "n": 5,
      "rouge1": 0.14858,
      "rougeL": 0.1195,
      "exact_match": 0.0,
      "judge_score": 2.2
    },
    "dockerfile": {
      "n": 13,
      "rouge1": 0.14146923076923076,
      "rougeL": 0.11703846153846154,
      "exact_match": 0.0,
      "judge_score": 2.1538461538461537
    },
    "images": {
      "n": 4,
      "rouge1": 0.0526,
      "rougeL": 0.048325,
      "exact_match": 0.0,
      "judge_score": 1.5
    },
    "networking": {
      "n": 4,
      "rouge1": 0.104325,
      "rougeL": 0.06615,
      "exact_match": 0.0,
      "judge_score": 1.75
    },
    "security": {
      "n": 5,
      "rouge1": 0.1462,
      "rougeL": 0.10842,
      "exact_match": 0.0,
      "judge_score": 2.2
    },
    "troubleshooting": {
      "n": 4,
      "rouge1": 0.113525,
      "rougeL": 0.100675,
      "exact_match": 0.0,
      "judge_score": 2.25
    },
    "volumes": {
      "n": 4,
      "rouge1": 0.1677,
      "rougeL": 0.12695,
      "exact_match": 0.0,
      "judge_score": 2.5
    }
  },
  "by_difficulty": {
    "easy": {
      "n": 18,
      "rouge1": 0.13352777777777777,
      "rougeL": 0.11155555555555556,
      "exact_match": 0.0,
      "judge_score": 2.888888888888889
    },
    "medium": {
      "n": 26,
      "rouge1": 0.12677692307692306,
      "rougeL": 0.10386538461538462,
      "exact_match": 0.0,
      "judge_score": 2.0384615384615383
    },
    "hard": {
      "n": 6,
      "rouge1": 0.14866666666666667,
      "rougeL": 0.10451666666666667,
      "exact_match": 0.0,
      "judge_score": 1.5
    }
  }
}